model,var,coef,se,z,p,r2,n
g2,const,-0.023354073169507675,0.13000938685558133,-0.17963374594982237,0.8574401101609028,0.2946746794522984,513
g2,ust2,0.36146659738177495,0.04170156403669156,8.667938618890522,4.4001381108649764e-18,0.2946746794522984,513
g2,ust2_lag,0.05533292366278726,0.032473226352162245,1.7039552233805957,0.08838945281422084,0.2946746794522984,513
g2,bund,0.18989306689009014,0.04609211471965852,4.11986015493231,3.791024203910818e-05,0.2946746794522984,513
g2,brent,0.041670017953519434,0.09792222015189496,0.42554200557219546,0.6704416070150573,0.2946746794522984,513
g10,const,0.11803880958217708,0.10855187737183597,1.0873953766625737,0.27686211355296464,0.468302389753953,513
g10,ust10,0.5479729960762124,0.04037529838502813,13.571986288512742,5.870921900775922e-42,0.468302389753953,513
g10,ust10_lag,0.027806116263766098,0.03526311494078389,0.7885326157504784,0.4303852284156422,0.468302389753953,513
g10,bund,0.22309228983285337,0.06800474888819504,3.280539866408948,0.0010360862114712076,0.468302389753953,513
g10,brent,0.06573434239246069,0.12028583956209342,0.5464844626081493,0.5847329651414295,0.468302389753953,513
g30,const,0.07513475942794703,0.1280407155162455,0.5868036516744872,0.5573355840259329,0.38561189901152026,513
g30,ust30,0.5331742653853402,0.04291296732472976,12.424549002885756,1.923078722181345e-35,0.38561189901152026,513
g30,ust30_lag,0.08442808589049577,0.05175842969769999,1.6311948871634245,0.10284920381366196,0.38561189901152026,513
g30,bund,0.1635266206326831,0.07903985721263268,2.068913411530647,0.03855421282636117,0.38561189901152026,513
g30,brent,0.06997437594783769,0.13410290697046715,0.5217961155998492,0.6018122945162205,0.38561189901152026,513
d2s30s,const,0.07779075066550074,0.13602987329129484,0.5718651997779882,0.567413301887859,0.17348645297400622,513
d2s30s,ust30,0.32183654278110235,0.05223691926903386,6.161093481098294,7.224432560580369e-10,0.17348645297400622,513
d2s30s,ust30_lag,0.22911433433976555,0.054998044740076996,4.165863267004659,3.10176577552842e-05,0.17348645297400622,513
d2s30s,ust2,-0.2175438563154154,0.05459103819911204,-3.984973788590705,6.748757480328947e-05,0.17348645297400622,513
d2s30s,ust2_lag,-0.2281443456568132,0.05408296462898013,-4.218414194227862,2.4602656332214085e-05,0.17348645297400622,513
d2s30s,bund,0.05162828685902293,0.048345324496646164,1.067906512088972,0.2855626847325291,0.17348645297400622,513
d2s30s,brent,0.014102821680623176,0.0920585900118442,0.15319397873472443,0.8782453058997962,0.17348645297400622,513
